Movie Title,Release Date,Budget ($),Box Office Revenue ($)
10 Cloverfield Lane,2016-03-08,"$15,000,000.00","$108,300,000.00"
13 Hours: The Secret Soldiers of Benghazi,2016-01-15,"$45,000,000.00","$69,400,000.00"
2 Guns,2013-08-02,"$61,000,000.00","$131,900,000.00"
21 Jump Street,2012-03-16,"$55,000,000.00","$201,500,000.00"
22 Jump Street,2014-06-04,"$84,500,000.00","$331,300,000.00"
300: Rise of an Empire,2014-03-04,"$110,000,000.00","$337,600,000.00"
42,2013-04-12,"$40,000,000.00","$97,500,000.00"
71,2014-02-07,"$8,100,000.00","$2,900,000.00"
90 Minutes in Heaven,2015-09-11,"$5,000,000.00","$4,800,000.00"
A Good Day to Die Hard,2013-02-14,"$92,000,000.00","$304,700,000.00"
A Haunted House,2013-01-11,"$2,500,000.00","$60,100,000.00"
A Haunted House 2,2014-04-18,"$4,000,000.00","$24,000,000.00"
A Long Way Down,2014-02-10,"$22,700,000.00","$7,100,000.00"
A Most Violent Year,2014-11-06,"$20,000,000.00","$12,000,000.00"
A Most Wanted Man,2014-01-19,"$15,000,000.00","$36,200,000.00"
A Thousand Words,2012-03-09,"$40,000,000.00","$22,000,000.00"
A Walk Among the Tombstones,2014-09-19,"$28,000,000.00","$58,800,000.00"
A Walk in the Woods,2015-01-23,"$8,000,000.00","$36,000,000.00"
Abraham Lincoln: Vampire Hunter,2012-06-22,"$99,500,000.00","$116,400,000.00"
After Earth,2013-05-31,"$130,000,000.00","$243,800,000.00"
Ain't Them Bodies Saints,2013-08-16,"$4,000,000.00","$1,000,000.00"
Alex Cross,2012-10-19,"$35,000,000.00","$34,600,000.00"
Aloha,2015-05-27,"$52,000,000.00","$26,300,000.00"
Alvin and the Chipmunks: The Road Chip,2015-12-18,"$90,000,000.00","$234,800,000.00"
American Reunion,2012-04-06,"$50,000,000.00","$235,000,000.00"
American Sniper,2014-11-11,"$58,800,000.00","$547,400,000.00"
American Ultra,2015-08-21,"$28,000,000.00","$27,100,000.00"
Amy,2015-06-16,"$3,400,000.00","$22,000,000.00"
Annabelle,2014-09-26,"$6,500,000.00","$256,900,000.00"
Annie,2014-12-07,"$65,000,000.00","$133,800,000.00"
Ant-Man,2015-06-29,"$130,000,000.00","$519,400,000.00"
Argo,2012-10-12,"$44,500,000.00","$232,300,000.00"
"As Above, So Below",2014-08-29,"$5,000,000.00","$5,000,000.00"
Bad Moms,2016-07-29,"$20,000,000.00","$124,200,000.00"
Barbershop: The Next Cut,2016-04-15,"$20,000,000.00","$55,000,000.00"
Batman v Superman: Dawn of Justice,2016-03-19,"$250,000,000.00","$872,700,000.00"
Batman: The Killing Joke,2016-07-25,"$3,500,000.00","$4,400,000.00"
Battle of the Year,2013-09-20,"$20,000,000.00","$16,500,000.00"
Battleship,2012-05-18,"$220,000,000.00","$303,000,000.00"
Beasts of the Southern Wild,2012-06-27,"$1,800,000.00","$21,900,000.00"
Beautiful Creatures,2013-02-14,"$60,000,000.00","$60,100,000.00"
Before I Go to Sleep,2014-09-04,"$22,000,000.00","$15,100,000.00"
Ben-Hur,2016-08-19,"$100,000,000.00","$41,400,000.00"
Beyond the Lights,2014-09-06,"$7,000,000.00","$14,600,000.00"
Big Eyes,2014-12-25,"$10,000,000.00","$29,300,000.00"
Black Mass,2015-09-04,"$53,000,000.00","$99,800,000.00"
Blackhat,2015-01-08,"$70,000,000.00","$19,700,000.00"
Blended,2014-05-23,"$40,000,000.00","$128,000,000.00"
Blue Jasmine,2013-07-26,"$18,000,000.00","$97,500,000.00"
Boyhood,2014-01-19,"$4,000,000.00","$44,500,000.00"
Brick Mansions,2014-04-23,"$23,000,000.00","$69,000,000.00"
Bridge of Spies,2015-10-04,"$40,000,000.00","$165,500,000.00"
Brooklyn,2015-01-26,"$11,000,000.00","$62,100,000.00"
Bullet to the Head,2013-02-01,"$55,000,000.00","$21,900,000.00"
Burnt,2015-10-06,"$20,000,000.00","$36,600,000.00"
By the Sea,2015-11-05,"$10,000,000.00","$3,300,000.00"
Captain America: The Winter Soldier,2014-03-13,"$170,000,000.00","$714,400,000.00"
Captive,2015-09-18,"$2,000,000.00","$2,800,000.00"
Carol,2015-05-17,"$11,800,000.00","$40,300,000.00"
Central Intelligence,2016-06-10,"$50,000,000.00","$212,200,000.00"
Cesar Chavez,2014-02-12,"$10,000,000.00","$6,700,000.00"
Chappie,2015-03-04,"$49,000,000.00","$102,100,000.00"
Chasing Mavericks,2012-10-26,"$20,000,000.00","$8,300,000.00"
Chef,2014-03-07,"$11,000,000.00","$46,000,000.00"
Chernobyl Diaries,2012-05-25,"$1,000,000.00","$37,200,000.00"
Child 44,2015-04-17,"$50,000,000.00","$13,000,000.00"
Chronicle,2012-02-03,"$12,000,000.00","$126,600,000.00"
Cloud Atlas,2012-10-26,"$128,500,000.00","$130,500,000.00"
Cloudy with a Chance of Meatballs 2,2013-09-27,"$78,000,000.00","$274,300,000.00"
Concussion,2015-12-25,"$57,000,000.00","$50,300,000.00"
Creed,2015-11-25,"$40,000,000.00","$173,600,000.00"
Criminal,2016-04-15,"$31,500,000.00","$35,600,000.00"
Crimson Peak,2015-10-16,"$55,000,000.00","$74,700,000.00"
Daddy's Home,2015-12-25,"$69,000,000.00","$240,400,000.00"
Danny Collins,2015-03-20,"$10,000,000.00","$8,200,000.00"
Dark Shadows,2012-05-11,"$150,000,000.00","$245,500,000.00"
Dark Skies,2013-02-22,"$3,500,000.00","$26,400,000.00"
Dawn of the Planet of the Apes,2014-06-26,"$235,000,000.00","$710,600,000.00"
Dead Man Down,2013-03-08,"$30,000,000.00","$18,100,000.00"
Deadpool,2016-02-08,"$58,000,000.00","$782,600,000.00"
Declaration of War,2012-01-27,"$1,500,000.00","$6,500,000.00"
Deliver Us from Evil,2014-07-02,"$30,000,000.00","$87,900,000.00"
Despicable Me 2,2013-06-20,"$76,000,000.00","$970,800,000.00"
Devil's Due,2014-01-17,"$7,000,000.00","$36,900,000.00"
Diary of a Wimpy Kid: Dog Days,2012-08-03,"$22,000,000.00","$77,100,000.00"
Divergent,2014-03-18,"$85,000,000.00","$288,900,000.00"
Django Unchained,2012-12-25,"$100,000,000.00","$425,400,000.00"
Dolphin Tale 2,2014-09-12,"$36,000,000.00","$57,800,000.00"
Don't Breathe,2016-08-26,"$9,900,000.00","$28,300,000.00"
Dr. Seuss' The Lorax,2012-03-02,"$70,000,000.00","$348,800,000.00"
Dracula Untold,2014-10-10,"$70,000,000.00","$217,100,000.00"
Draft Day,2014-04-07,"$25,000,000.00","$29,500,000.00"
Dragon Blade,2015-02-18,"$65,000,000.00","$120,000,000.00"
Dumb and Dumber To,2014-11-14,"$50,000,000.00","$169,800,000.00"
Earth to Echo,2014-06-14,"$13,000,000.00","$45,300,000.00"
Eddie the Eagle,2016-02-26,"$23,000,000.00","$46,200,000.00"
Edge of Tomorrow,2014-05-28,"$178,000,000.00","$370,500,000.00"
Elysium,2013-08-09,"$115,000,000.00","$286,100,000.00"
Embrace of the Serpent,2015-05-15,"$1,400,000.00","$2,800,000.00"
End of Watch,2012-09-21,"$7,000,000.00","$48,100,000.00"
Enough Said,2013-09-20,"$8,000,000.00","$25,300,000.00"
Entourage,2015-05-27,"$39,000,000.00","$49,300,000.00"
Epic,2013-05-24,"$93,000,000.00","$268,400,000.00"
Escape from Planet Earth,2013-02-15,"$40,000,000.00","$74,600,000.00"
Evil Dead,2013-04-05,"$17,000,000.00","$97,500,000.00"
Ex Machina,2015-01-21,"$15,000,000.00","$36,900,000.00"
Eye in the Sky,2015-09-11,"$13,000,000.00","$32,800,000.00"
Fantastic Four,2015-08-04,"$120,000,000.00","$168,000,000.00"
Fast & Furious 6,2013-05-17,"$160,000,000.00","$788,700,000.00"
Flight,2012-11-02,"$31,000,000.00","$161,800,000.00"
Florence Foster Jenkins,2016-04-27,"$19,000,000.00","$31,700,000.00"
Frances Ha,2013-05-17,"$3,000,000.00","$11,300,000.00"
Free State of Jones,2016-06-16,"$50,000,000.00","$21,200,000.00"
Friends with Kids,2012-03-09,"$10,000,000.00","$12,200,000.00"
Fun Size,2012-10-26,"$14,000,000.00","$11,400,000.00"
Fury,2014-10-15,"$68,000,000.00","$211,800,000.00"
G.I. Joe: Retaliation,2013-03-27,"$130,000,000.00","$375,700,000.00"
Gangster Squad,2013-01-11,"$75,000,000.00","$105,200,000.00"
Get Hard,2015-03-27,"$40,000,000.00","$111,800,000.00"
Get on Up,2014-08-01,"$30,000,000.00","$33,400,000.00"
Getaway,2013-08-30,"$18,000,000.00","$11,800,000.00"
Ghost Rider: Spirit of Vengeance,2012-02-17,"$57,000,000.00","$132,600,000.00"
Ghostbusters,2016-07-15,"$144,000,000.00","$217,500,000.00"
God's Not Dead,2014-03-21,"$2,000,000.00","$62,600,000.00"
God's Not Dead 2,2016-04-01,"$5,000,000.00","$23,500,000.00"
Gods of Egypt,2016-02-25,"$140,000,000.00","$145,700,000.00"
Godzilla,2014-05-08,"$160,000,000.00","$529,000,000.00"
Gone Girl,2014-09-26,"$61,000,000.00","$369,300,000.00"
Good Deeds,2012-02-24,"$14,000,000.00","$35,600,000.00"
Goosebumps,2015-10-05,"$84,000,000.00","$150,200,000.00"
Grown Ups 2,2013-07-12,"$80,000,000.00","$247,000,000.00"
"Hail, Caesar!",2016-02-05,"$22,000,000.00","$22,000,000.00"
Hands of Stone,2016-08-26,"$20,000,000.00","$1,700,000.00"
Hansel and Gretel: Witch Hunters,2013-01-17,"$50,000,000.00","$226,300,000.00"
Heaven Is for Real,2014-04-16,"$12,000,000.00","$101,300,000.00"
Here Comes the Boom,2012-10-12,"$42,000,000.00","$73,100,000.00"
Hit and Run,2012-08-22,"$2,000,000.00","$14,500,000.00"
Hitman: Agent 47,2015-08-21,"$35,000,000.00","$82,300,000.00"
Home,2015-03-07,"$135,000,000.00","$386,000,000.00"
Hope Springs,2012-08-08,"$30,000,000.00","$114,300,000.00"
Horrible Bosses 2,2014-11-26,"$57,000,000.00","$107,700,000.00"
Hot Pursuit,2015-05-08,"$35,000,000.00","$51,700,000.00"
Hotel Transylvania,2012-09-28,"$85,000,000.00","$358,400,000.00"
Hotel Transylvania 2,2015-09-25,"$80,000,000.00","$473,000,000.00"
How to Train Your Dragon 2,2014-05-16,"$145,000,000.00","$621,500,000.00"
I,2015-01-14,"$15,000,000.00","$65,000,000.00"
I Saw the Light,2015-09-11,"$13,000,000.00","$2,600,000.00"
Ice Age: Collision Course,2016-07-22,"$105,000,000.00","$368,300,000.00"
Ice Age: Continental Drift,2012-07-13,"$95,000,000.00","$877,000,000.00"
Identity Thief,2013-02-08,"$35,000,000.00","$174,000,000.00"
If I Stay,2014-08-18,"$11,000,000.00","$78,900,000.00"
In the Heart of the Sea,2015-12-11,"$100,000,000.00","$93,900,000.00"
Independence Day: Resurgence,2016-06-20,"$165,000,000.00","$382,300,000.00"
Insidious: Chapter 2,2013-09-13,"$5,000,000.00","$161,900,000.00"
Insidious: Chapter 3,2015-06-05,"$11,000,000.00","$113,000,000.00"
Interstellar,2014-10-26,"$165,000,000.00","$675,100,000.00"
Into the Storm,2014-08-08,"$50,000,000.00","$161,700,000.00"
Iron Sky,2012-07-25,"$7,500,000.00","$8,100,000.00"
Irrational Man,2015-05-16,"$11,000,000.00","$27,400,000.00"
Jack Reacher,2012-12-21,"$60,000,000.00","$218,300,000.00"
Jack Ryan: Shadow Recruit,2014-01-15,"$60,000,000.00","$135,500,000.00"
Jane Got a Gun,2016-01-29,"$25,000,000.00","$3,000,000.00"
Jason Bourne,2016-07-29,"$120,000,000.00","$347,900,000.00"
"Jeff, Who Lives at Home",2012-03-16,"$7,500,000.00","$7,500,000.00"
Jem and the Holograms,2015-10-23,"$5,000,000.00","$2,300,000.00"
Jersey Boys,2014-06-05,"$58,600,000.00","$67,700,000.00"
Jobs,2013-08-16,"$12,000,000.00","$35,900,000.00"
John Wick,2014-10-13,"$20,000,000.00","$86,000,000.00"
Journey 2: The Mysterious Island,2012-02-10,"$79,000,000.00","$335,300,000.00"
Joy,2015-12-25,"$60,000,000.00","$101,100,000.00"
Keanu,2016-04-29,"$15,000,000.00","$20,700,000.00"
Kill the Messenger,2014-10-10,"$5,000,000.00","$2,500,000.00"
Killing Them Softly,2012-11-30,"$15,000,000.00","$37,900,000.00"
Kingsman: The Secret Service,2014-12-13,"$94,000,000.00","$414,400,000.00"
Krampus,2015-12-04,"$15,000,000.00","$61,500,000.00"
Kubo and the Two Strings,2016-08-19,"$60,000,000.00","$27,600,000.00"
Kung Fu Panda 3,2016-01-23,"$145,000,000.00","$519,900,000.00"
Lazer Team,2016-01-27,"$2,400,000.00","$1,600,000.00"
Left Behind,2014-10-03,"$16,000,000.00","$27,600,000.00"
Les Misérables,2012-12-25,"$61,000,000.00","$441,800,000.00"
Let's Be Cops,2014-08-13,"$17,000,000.00","$138,200,000.00"
Life of Pi,2012-11-21,"$120,000,000.00","$609,000,000.00"
Lights Out,2016-07-22,"$4,900,000.00","$125,900,000.00"
Lincoln,2012-11-09,"$65,000,000.00","$275,300,000.00"
Little Boy,2015-04-24,"$20,000,000.00","$17,500,000.00"
Lockout,2012-04-13,"$20,000,000.00","$32,200,000.00"
London Has Fallen,2016-03-04,"$60,000,000.00","$195,700,000.00"
Looper,2012-09-28,"$30,000,000.00","$176,500,000.00"
Love the Coopers,2015-11-04,"$24,000,000.00","$41,100,000.00"
Lucy,2014-07-25,"$40,000,000.00","$463,400,000.00"
Mad Max: Fury Road,2015-05-07,"$150,000,000.00","$378,400,000.00"
Madagascar 3: Europe's Most Wanted,2012-06-08,"$145,000,000.00","$746,900,000.00"
Magic in the Moonlight,2014-07-25,"$16,800,000.00","$51,000,000.00"
Mama,2013-01-18,"$15,000,000.00","$146,400,000.00"
Man of Steel,2013-06-14,"$225,000,000.00","$668,000,000.00"
Man on a Ledge,2012-01-27,"$42,000,000.00","$46,200,000.00"
Max,2015-06-26,"$20,000,000.00","$44,000,000.00"
Maze Runner: The Scorch Trials,2015-09-18,"$61,000,000.00","$312,300,000.00"
Me and Earl and the Dying Girl,2015-01-25,"$8,000,000.00","$9,100,000.00"
Me Before You,2016-06-03,"$20,000,000.00","$196,200,000.00"
Mechanic: Resurrection,2016-08-26,"$40,000,000.00","$7,500,000.00"
Men in Black 3,2012-05-25,"$215,000,000.00","$624,000,000.00"
Midnight Special,2016-02-12,"$18,000,000.00","$6,200,000.00"
Miracles from Heaven,2016-03-16,"$13,000,000.00","$73,600,000.00"
Mirror Mirror,2012-03-30,"$85,000,000.00","$183,000,000.00"
Mission: Impossible – Rogue Nation,2015-07-23,"$150,000,000.00","$682,300,000.00"
Moms' Night Out,2014-05-09,"$5,000,000.00","$10,500,000.00"
Money Monster,2016-05-13,"$27,000,000.00","$93,100,000.00"
Monster Hunt,2016-01-22,"$56,000,000.00","$385,200,000.00"
Moonrise Kingdom ₪,2012-05-25,"$16,000,000.00","$68,300,000.00"
Mortdecai,2015-01-23,"$60,000,000.00","$47,000,000.00"
Mother's Day,2016-04-13,"$25,000,000.00","$43,800,000.00"
Mr. Peabody & Sherman,2014-02-07,"$145,000,000.00","$275,700,000.00"
Mud,2013-04-26,"$10,000,000.00","$32,600,000.00"
Mustang,2015-05-19,"$1,300,000.00","$4,900,000.00"
My All American,2015-11-13,"$20,000,000.00","$2,200,000.00"
My Big Fat Greek Wedding 2,2016-03-25,"$18,000,000.00","$88,900,000.00"
Need for Speed,2014-03-12,"$65,000,000.00","$203,300,000.00"
Neighbors,2014-03-08,"$18,000,000.00","$270,700,000.00"
Neighbors 2: Sorority Rising,2016-05-20,"$35,000,000.00","$107,900,000.00"
Nerve,2016-07-27,"$20,000,000.00","$47,600,000.00"
Night at the Museum: Secret of the Tomb,2014-12-11,"$127,000,000.00","$363,200,000.00"
Nightcrawler,2014-09-05,"$8,500,000.00","$50,300,000.00"
Nine Lives,2016-08-05,"$30,000,000.00","$19,100,000.00"
No Escape,2015-08-17,"$5,000,000.00","$54,400,000.00"
No Good Deed,2014-09-12,"$13,200,000.00","$54,300,000.00"
No One Lives,2013-05-10,"$2,900,000.00","$1,000,000.00"
Noah,2014-03-10,"$125,000,000.00","$362,600,000.00"
Non-Stop,2014-01-27,"$50,000,000.00","$222,800,000.00"
Now You See Me,2013-05-31,"$75,000,000.00","$351,700,000.00"
Now You See Me 2,2016-06-06,"$90,000,000.00","$320,900,000.00"
Oblivion,2013-04-10,"$120,000,000.00","$286,200,000.00"
Olympus Has Fallen,2013-03-22,"$70,000,000.00","$161,000,000.00"
One Direction: This Is Us,2013-08-29,"$10,000,000.00","$68,500,000.00"
One for the Money,2012-01-27,"$40,000,000.00","$36,900,000.00"
Ouija,2014-10-24,"$5,000,000.00","$103,600,000.00"
Our Brand Is Crisis,2015-09-11,"$28,000,000.00","$8,600,000.00"
Pacific Rim,2013-07-12,"$190,000,000.00","$411,000,000.00"
Pain & Gain,2013-04-26,"$26,000,000.00","$86,200,000.00"
Pan,2015-09-30,"$150,000,000.00","$128,400,000.00"
Paper Towns,2015-07-24,"$12,000,000.00","$85,500,000.00"
Paranormal Activity 4,2012-10-19,"$5,000,000.00","$142,800,000.00"
Paranormal Activity: The Ghost Dimension,2015-10-23,"$10,000,000.00","$78,100,000.00"
ParaNorman,2012-08-17,"$60,000,000.00","$107,100,000.00"
Parental Guidance,2012-12-25,"$25,000,000.00","$119,800,000.00"
Parker,2013-01-25,"$35,000,000.00","$48,500,000.00"
Paul Blart: Mall Cop 2,2015-04-17,"$40,000,000.00","$107,600,000.00"
Pawn Sacrifice,2015-09-11,"$19,000,000.00","$5,400,000.00"
Penguins of Madagascar,2014-11-14,"$132,000,000.00","$373,000,000.00"
People Like Us,2012-06-29,"$16,000,000.00","$12,400,000.00"
Percy Jackson: Sea of Monsters,2013-08-07,"$90,000,000.00","$202,200,000.00"
Pitch Perfect,2012-10-05,"$17,000,000.00","$115,400,000.00"
Pitch Perfect 2,2015-04-20,"$29,000,000.00","$287,100,000.00"
Pixels,2015-07-24,"$129,000,000.00","$244,900,000.00"
Point Break,2015-12-25,"$105,000,000.00","$133,700,000.00"
Polis Evo,2015-09-17,"$2,400,000.00","$17,300,000.00"
Poltergeist,2015-05-22,"$35,000,000.00","$95,400,000.00"
Pompeii,2014-02-18,"$80,000,000.00","$117,800,000.00"
Popstar: Never Stop Never Stopping,2016-06-03,"$20,000,000.00","$9,500,000.00"
Premium Rush,2012-08-24,"$35,000,000.00","$31,100,000.00"
Pride and Prejudice and Zombies,2016-02-05,"$28,000,000.00","$16,400,000.00"
Prisoners,2013-09-20,"$46,000,000.00","$122,100,000.00"
Project Almanac,2015-01-30,"$12,000,000.00","$33,200,000.00"
Project X,2012-03-02,"$12,000,000.00","$102,700,000.00"
Prometheus,2012-06-08,"$130,000,000.00","$403,400,000.00"
Promised Land,2012-12-28,"$15,000,000.00","$8,100,000.00"
R.I.P.D.,2013-07-19,"$130,000,000.00","$78,300,000.00"
Race,2016-02-19,"$5,000,000.00","$23,500,000.00"
Raiders of the Lost Ark: The IMAX Experience,2012-09-07,"$18,000,000.00","$389,900,000.00"
Rams,2015-05-15,"$1,750,000.00","$1,740,000.00"
Ratchet & Clank,2016-04-29,"$20,000,000.00","$12,800,000.00"
RED 2,2013-07-19,"$84,000,000.00","$148,100,000.00"
Red Dawn,2012-11-21,"$65,000,000.00","$48,100,000.00"
Red Tails,2012-01-20,"$58,000,000.00","$50,400,000.00"
Resident Evil: Retribution,2012-09-14,"$65,000,000.00","$240,200,000.00"
Ricki and the Flash,2015-08-07,"$18,000,000.00","$41,300,000.00"
Riddick,2013-09-06,"$40,000,000.00","$100,300,000.00"
Ride Along,2014-01-17,"$25,000,000.00","$154,500,000.00"
Ride Along 2,2016-01-15,"$40,000,000.00","$124,200,000.00"
Rio 2,2014-03-20,"$103,000,000.00","$500,100,000.00"
Rise of the Guardians,2012-11-21,"$145,000,000.00","$306,900,000.00"
Risen,2016-02-19,"$20,000,000.00","$46,100,000.00"
RoboCop,2014-01-30,"$100,000,000.00","$242,700,000.00"
Robot & Frank,2012-08-17,"$2,500,000.00","$4,900,000.00"
Rock of Ages,2012-06-15,"$75,000,000.00","$59,400,000.00"
Rock the Kasbah,2015-10-22,"$15,000,000.00","$3,400,000.00"
Romeo and Juliet,2013-07-26,"$15,000,000.00","$3,000,000.00"
Room,2015-09-04,"$13,000,000.00","$36,000,000.00"
Run All Night,2015-03-13,"$61,600,000.00","$71,700,000.00"
"Runner, Runner",2013-09-27,"$30,000,000.00","$30,000,000.00"
Rush,2013-09-20,"$38,000,000.00","$90,200,000.00"
Sabotage,2014-03-19,"$35,000,000.00","$17,500,000.00"
Safe House,2012-02-10,"$85,000,000.00","$208,100,000.00"
Salmon Fishing in the Yemen,2012-03-09,"$14,400,000.00","$34,600,000.00"
Savages,2012-07-06,"$45,000,000.00","$83,000,000.00"
Scary Movie 5,2013-04-12,"$20,000,000.00","$78,400,000.00"
Secret in Their Eyes,2015-11-20,"$19,500,000.00","$32,200,000.00"
Self/less,2015-07-10,"$26,000,000.00","$30,500,000.00"
Selma,2014-12-25,"$20,000,000.00","$66,800,000.00"
Seventh Son,2014-12-17,"$95,000,000.00","$114,200,000.00"
Shaun the Sheep Movie,2015-01-24,"$25,000,000.00","$106,000,000.00"
Sicario,2015-05-19,"$30,000,000.00","$84,900,000.00"
Side Effects,2013-02-08,"$30,000,000.00","$66,700,000.00"
Silent Hill: Revelation 3D,2012-10-26,"$20,000,000.00","$52,300,000.00"
Silver Linings Playbook,2012-11-16,"$21,000,000.00","$236,400,000.00"
Sin City: A Dame to Kill For,2014-08-19,"$65,000,000.00","$39,400,000.00"
Sinister,2012-10-12,"$3,000,000.00","$77,700,000.00"
Sinister 2,2015-08-21,"$10,000,000.00","$52,900,000.00"
Sisters,2015-12-18,"$30,000,000.00","$105,000,000.00"
Snitch,2013-02-22,"$15,000,000.00","$57,800,000.00"
Snow White and the Huntsman,2012-06-01,"$170,000,000.00","$396,600,000.00"
Son of God,2014-02-28,"$22,000,000.00","$67,800,000.00"
Son of Saul,2015-05-15,"$1,500,000.00","$6,200,000.00"
Southpaw,2015-06-15,"$30,000,000.00","$92,000,000.00"
Spotlight,2015-09-03,"$20,000,000.00","$88,300,000.00"
Spy,2015-05-15,"$65,000,000.00","$235,700,000.00"
St. Vincent,2014-09-05,"$13,000,000.00","$54,800,000.00"
Stand by Me Doraemon,2014-08-08,"$35,000,000.00","$196,400,000.00"
Star Trek Beyond,2016-07-22,"$185,000,000.00","$243,000,000.00"
Step Up: All In,2014-08-08,"$45,000,000.00","$86,200,000.00"
Steve Jobs,2015-09-05,"$30,000,000.00","$34,400,000.00"
Straight Outta Compton,2015-08-11,"$50,000,000.00","$201,600,000.00"
Suffragette,2015-09-04,"$14,000,000.00","$32,000,000.00"
Suicide Squad,2016-08-05,"$175,000,000.00","$636,700,000.00"
Taken 2,2012-10-05,"$43,000,000.00","$376,100,000.00"
Tammy,2014-07-02,"$20,000,000.00","$100,500,000.00"
Ted,2012-06-29,"$51,000,000.00","$549,400,000.00"
Ted 2,2015-06-24,"$68,000,000.00","$216,700,000.00"
Teenage Mutant Ninja Turtles,2014-07-29,"$125,000,000.00","$493,300,000.00"
Teenage Mutant Ninja Turtles: Out of the Shadows,2016-05-22,"$135,000,000.00","$242,500,000.00"
Terminator Genisys,2015-06-22,"$155,000,000.00","$440,600,000.00"
Texas Chainsaw 3D,2013-01-04,"$20,000,000.00","$47,200,000.00"
That Awkward Moment,2014-01-27,"$8,000,000.00","$40,500,000.00"
The 33,2015-08-06,"$26,000,000.00","$24,900,000.00"
The 5th Wave,2016-01-22,"$35,000,000.00","$110,700,000.00"
The Age of Adaline,2015-04-24,"$25,000,000.00","$65,700,000.00"
The Amazing Spider-Man,2012-07-03,"$230,000,000.00","$757,900,000.00"
The Angry Birds Movie,2016-05-05,"$73,000,000.00","$346,900,000.00"
The Best Exotic Marigold Hotel ₪,2012-05-04,"$10,000,000.00","$136,800,000.00"
The Big Short,2015-12-11,"$28,000,000.00","$133,300,000.00"
The Bling Ring,2013-06-14,"$8,000,000.00","$19,100,000.00"
The Book of Life,2014-10-12,"$50,000,000.00","$99,800,000.00"
The Boss,2016-04-08,"$29,000,000.00","$78,600,000.00"
The Bourne Legacy,2012-08-10,"$125,000,000.00","$276,100,000.00"
The Boxtrolls,2014-08-31,"$60,000,000.00","$109,300,000.00"
The Boy,2016-01-22,"$10,000,000.00","$64,200,000.00"
The Butler,2013-08-16,"$30,000,000.00","$176,600,000.00"
The Cabin in the Woods,2012-04-13,"$30,000,000.00","$66,500,000.00"
The Call,2013-03-15,"$13,000,000.00","$68,600,000.00"
The Campaign,2012-08-10,"$95,000,000.00","$104,900,000.00"
The Cold Light of Day,2012-09-07,"$20,000,000.00","$16,900,000.00"
The Collection,2012-11-30,"$10,000,000.00","$8,900,000.00"
The Conjuring,2013-07-19,"$20,000,000.00","$318,000,000.00"
The Conjuring 2,2016-06-07,"$40,000,000.00","$319,500,000.00"
The Croods,2013-03-22,"$135,000,000.00","$587,200,000.00"
The Danish Girl,2015-09-05,"$15,000,000.00","$64,200,000.00"
The Darkness,2016-05-13,"$4,000,000.00","$10,900,000.00"
The Devil Inside,2012-01-06,"$1,000,000.00","$101,800,000.00"
The Dictator,2012-05-16,"$65,000,000.00","$179,400,000.00"
The Divergent Series: Allegiant,2016-03-18,"$110,000,000.00","$179,200,000.00"
The Divergent Series: Insurgent,2015-03-19,"$110,000,000.00","$297,300,000.00"
The Drop,2014-09-12,"$12,600,000.00","$18,700,000.00"
The Duff,2015-02-12,"$8,500,000.00","$43,500,000.00"
The East,2013-05-31,"$6,500,000.00","$2,400,000.00"
The Equalizer,2014-09-07,"$55,000,000.00","$192,300,000.00"
The Expendables 2,2012-08-17,"$100,000,000.00","$305,400,000.00"
The Expendables 3,2014-08-04,"$90,000,000.00","$206,200,000.00"
The Family,2013-09-13,"$30,000,000.00","$78,400,000.00"
The Fault in Our Stars,2014-05-16,"$13,000,000.00","$307,200,000.00"
The Five-Year Engagement,2012-04-27,"$30,000,000.00","$53,900,000.00"
The Forest,2016-01-08,"$10,000,000.00","$37,600,000.00"
The Gift,2015-07-30,"$5,000,000.00","$59,000,000.00"
The Giver,2014-08-11,"$25,000,000.00","$67,000,000.00"
The Grand Budapest Hotel,2014-02-06,"$23,000,000.00","$174,800,000.00"
The Great Gatsby,2013-05-10,"$105,000,000.00","$351,000,000.00"
The Grey,2012-01-27,"$25,000,000.00","$77,300,000.00"
The Gunman,2015-03-20,"$40,000,000.00","$24,200,000.00"
The Hangover Part III,2013-05-23,"$103,000,000.00","$362,000,000.00"
The Hateful Eight,2015-12-25,"$44,000,000.00","$155,800,000.00"
The Heat,2013-06-28,"$43,000,000.00","$229,900,000.00"
The Hobbit: The Battle of the Five Armies,2014-12-01,"$250,000,000.00","$956,000,000.00"
The Host,2013-03-29,"$40,000,000.00","$63,300,000.00"
The Hundred-Foot Journey,2014-08-08,"$22,000,000.00","$88,900,000.00"
The Hunger Games,2012-03-23,"$78,000,000.00","$694,400,000.00"
The Hunger Games: Mockingjay – Part 1,2014-11-10,"$125,000,000.00","$755,400,000.00"
The Hunger Games: Mockingjay – Part 2,2015-11-04,"$160,000,000.00","$653,400,000.00"
The Huntsman: Winter's War,2016-04-22,"$115,000,000.00","$164,600,000.00"
The Iceman,2013-05-03,"$10,000,000.00","$4,400,000.00"
The Identical,2014-04-17,"$16,000,000.00","$2,800,000.00"
The Imitation Game,2014-08-29,"$14,000,000.00","$233,600,000.00"
The Impossible,2012-12-21,"$45,000,000.00","$180,300,000.00"
The Incredible Burt Wonderstone,2013-03-15,"$34,000,000.00","$27,400,000.00"
The Infiltrator,2016-07-13,"$47,500,000.00","$15,200,000.00"
The Intern,2015-09-15,"$44,000,000.00","$194,600,000.00"
The Internship,2013-06-07,"$58,000,000.00","$93,000,000.00"
The Interview,2014-12-11,"$44,000,000.00","$11,300,000.00"
The Judge,2014-09-04,"$50,000,000.00","$84,400,000.00"
The Lady in the Van,2015-12-04,"$6,000,000.00","$41,400,000.00"
The Last Exorcism Part II,2013-03-01,"$5,000,000.00","$15,100,000.00"
The Last Stand,2013-01-18,"$45,000,000.00","$48,300,000.00"
The Last Witch Hunter,2015-10-23,"$90,000,000.00","$140,400,000.00"
The Lazarus Effect,2015-02-27,"$3,300,000.00","$38,400,000.00"
The Legend of Hercules,2014-01-10,"$70,000,000.00","$61,300,000.00"
The Legend of Tarzan,2016-07-01,"$180,000,000.00","$352,700,000.00"
The Lego Movie,2014-02-01,"$60,000,000.00","$469,200,000.00"
The Letters,2015-12-04,"$1,000,000.00","$1,600,000.00"
The Lucky One,2012-04-20,"$25,000,000.00","$99,400,000.00"
The Man from U.N.C.L.E.,2015-08-07,"$75,000,000.00","$109,800,000.00"
The Man with the Iron Fists,2012-11-02,"$20,000,000.00","$20,300,000.00"
The Martian,2015-09-11,"$108,000,000.00","$630,200,000.00"
The Master,2012-09-14,"$32,000,000.00","$28,300,000.00"
The Maze Runner,2014-09-19,"$34,000,000.00","$348,300,000.00"
The Mermaid,2016-02-08,"$60,720,000.00","$553,800,000.00"
The Monuments Men,2014-02-07,"$70,000,000.00","$155,000,000.00"
The Mortal Instruments: City of Bones,2013-08-21,"$60,000,000.00","$90,600,000.00"
The Night Before,2015-11-20,"$25,000,000.00","$52,400,000.00"
The November Man,2014-08-27,"$15,000,000.00","$34,800,000.00"
The Nut Job,2014-01-11,"$42,800,000.00","$120,900,000.00"
The Oogieloves in the Big Balloon Adventure,2012-08-29,"$20,000,000.00","$1,100,000.00"
The Other Woman,2014-03-31,"$40,000,000.00","$196,700,000.00"
The Peanuts Movie,2015-11-01,"$99,000,000.00","$246,200,000.00"
The Perfect Guy,2015-09-02,"$18,000,000.00","$60,300,000.00"
The Perfect Match,2016-03-11,"$5,000,000.00","$10,400,000.00"
The Perks of Being a Wallflower,2012-09-21,"$13,000,000.00","$33,400,000.00"
The Pirates! Band of Misfits,2012-04-27,"$55,000,000.00","$123,000,000.00"
The Place Beyond the Pines,2013-03-29,"$15,000,000.00","$47,000,000.00"
The Possession,2012-08-31,"$14,000,000.00","$78,500,000.00"
The Purge,2013-05-31,"$3,000,000.00","$89,300,000.00"
The Purge: Election Year,2016-07-01,"$10,000,000.00","$105,600,000.00"
The Raid 2,2014-01-21,"$4,500,000.00","$6,600,000.00"
The Raid: Redemption ₪,2012-03-23,"$1,100,000.00","$9,140,000.00"
The Raven,2012-04-27,"$26,000,000.00","$29,700,000.00"
The Revenant,2015-12-25,"$135,000,000.00","$533,000,000.00"
The Second Best Exotic Marigold Hotel,2015-02-26,"$10,000,000.00","$86,000,000.00"
The Second Mother,2015-01-25,"$4,000,000.00","$6,200,000.00"
The Secret Life of Pets,2016-07-08,"$75,000,000.00","$724,900,000.00"
The Secret World of Arrietty,2012-02-17,"$23,000,000.00","$145,600,000.00"
The Shallows,2016-06-21,"$17,000,000.00","$93,200,000.00"
The Signal,2014-01-20,"$4,000,000.00","$2,420,000.00"
The Single Moms Club,2014-03-14,"$8,000,000.00","$16,300,000.00"
The Smurfs 2,2013-07-31,"$105,000,000.00","$347,500,000.00"
The Spectacular Now,2013-08-02,"$2,500,000.00","$6,900,000.00"
The SpongeBob Movie: Sponge Out of Water,2015-02-06,"$74,000,000.00","$323,400,000.00"
The Sweet Escape,2015-06-10,"$3,800,000.00","$3,300,000.00"
The Theory of Everything,2014-09-07,"$15,000,000.00","$123,700,000.00"
The Three Stooges,2012-04-13,"$30,000,000.00","$54,800,000.00"
The Transporter Refueled,2015-09-04,"$25,000,000.00","$72,600,000.00"
The Twilight Saga: Breaking Dawn – Part 2,2012-11-16,"$120,000,000.00","$829,700,000.00"
The Vatican Tapes,2015-07-25,"$13,000,000.00","$13,500,000.00"
The Visit,2015-09-08,"$5,000,000.00","$98,500,000.00"
The Walk,2015-09-30,"$45,000,000.00","$61,200,000.00"
The Watch,2012-07-27,"$68,000,000.00","$68,300,000.00"
The Water Diviner,2014-12-26,"$22,500,000.00","$30,800,000.00"
"The Way, Way Back",2013-07-05,"$5,000,000.00","$5,000,000.00"
The Wedding Ringer,2015-01-16,"$23,000,000.00","$79,800,000.00"
The Witch,2016-01-27,"$3,000,000.00","$40,400,000.00"
The Wolverine,2013-07-24,"$120,000,000.00","$414,800,000.00"
The Woman in Black,2012-02-03,"$15,000,000.00","$128,500,000.00"
The Woman in Black: Angel of Death,2014-12-30,"$15,000,000.00","$48,900,000.00"
The World's End,2013-07-19,"$20,000,000.00","$46,100,000.00"
The Young Messiah,2016-03-11,"$18,500,000.00","$7,200,000.00"
Think Like a Man,2012-04-20,"$12,000,000.00","$96,100,000.00"
This Is the End,2013-06-12,"$32,000,000.00","$126,000,000.00"
This Is Where I Leave You,2014-09-19,"$19,800,000.00","$41,300,000.00"
This Means War,2012-02-17,"$65,000,000.00","$156,500,000.00"
Top Five,2014-09-06,"$12,000,000.00","$26,100,000.00"
Top Gun 3D,2013-02-08,"$15,000,000.00","$356,800,000.00"
Total Recall,2012-08-03,"$125,000,000.00","$198,500,000.00"
Trance,2013-03-27,"$20,000,000.00","$24,300,000.00"
Transcendence,2014-04-10,"$100,000,000.00","$103,000,000.00"
Triple 9,2016-02-16,"$20,000,000.00","$23,400,000.00"
Trouble with the Curve,2012-09-21,"$60,000,000.00","$49,000,000.00"
Trumbo,2015-09-12,"$15,000,000.00","$8,200,000.00"
Truth,2015-09-12,"$9,600,000.00","$5,400,000.00"
Turbo,2013-07-17,"$127,000,000.00","$282,600,000.00"
Tusk,2014-09-06,"$3,000,000.00","$1,900,000.00"
Unbroken,2014-11-17,"$65,000,000.00","$163,400,000.00"
Unfinished Business,2015-03-06,"$35,000,000.00","$14,400,000.00"
Unfriended,2014-07-20,"$1,000,000.00","$64,100,000.00"
Vacation,2015-07-29,"$31,000,000.00","$104,900,000.00"
Vampire Academy,2014-02-07,"$30,000,000.00","$15,400,000.00"
Veronica Mars,2014-03-14,"$6,000,000.00","$3,500,000.00"
Victor Frankenstein,2015-11-25,"$40,000,000.00","$34,200,000.00"
Wanderlust,2012-02-24,"$35,000,000.00","$24,200,000.00"
War Dogs,2016-08-19,"$40,000,000.00","$42,700,000.00"
War Room,2015-08-28,"$3,000,000.00","$73,700,000.00"
Warcraft,2016-06-10,"$160,000,000.00","$433,500,000.00"
Warm Bodies,2013-02-01,"$35,000,000.00","$117,000,000.00"
What Maisie Knew,2013-05-03,"$5,000,000.00","$2,700,000.00"
What to Expect When You're Expecting,2012-05-18,"$40,000,000.00","$84,400,000.00"
When the Game Stands Tall,2014-08-04,"$15,000,000.00","$30,100,000.00"
Whiplash,2014-01-16,"$3,300,000.00","$49,000,000.00"
Whiskey Tango Foxtrot,2016-03-04,"$35,000,000.00","$24,900,000.00"
White House Down,2013-06-28,"$150,000,000.00","$205,000,000.00"
Wild,2014-08-29,"$15,000,000.00","$52,500,000.00"
Winter's Tale,2014-02-13,"$60,000,000.00","$31,100,000.00"
Wish I Was Here,2014-01-18,"$6,000,000.00","$5,500,000.00"
Woman in Gold,2015-04-01,"$11,000,000.00","$61,600,000.00"
Won't Back Down,2012-09-28,"$19,000,000.00","$5,400,000.00"
Woodlawn,2015-10-16,"$13,000,000.00","$14,400,000.00"
World War Z,2013-06-21,"$190,000,000.00","$540,000,000.00"
Wrath of the Titans,2012-03-30,"$150,000,000.00","$305,300,000.00"
X-Men: Apocalypse,2016-05-09,"$178,000,000.00","$544,600,000.00"
X-Men: Days of Future Past,2014-05-10,"$200,000,000.00","$747,900,000.00"
You're Next,2013-08-23,"$1,000,000.00","$26,800,000.00"
Zero Dark Thirty,2012-12-19,"$40,000,000.00","$132,800,000.00"
Zhong Kui: Snow Girl and the Dark Crystal,2015-02-19,"$30,000,000.00","$64,470,000.00"
Zoolander 2,2016-02-12,"$50,000,000.00","$56,000,000.00"